<annotation>
	<folder>images</folder>
	<filename>img_21.jpg</filename>
	<path>/Users/namnueng/Desktop/ShoestringHackathon2020/Cap/images/img_21.jpg</path>
	<source>
		<database>Unknown</database>
	</source>
	<size>
		<width>640</width>
		<height>480</height>
		<depth>3</depth>
	</size>
	<segmented>0</segmented>
	<object>
		<name>cap</name>
		<pose>Unspecified</pose>
		<truncated>0</truncated>
		<difficult>0</difficult>
		<bndbox>
			<xmin>290</xmin>
			<ymin>90</ymin>
			<xmax>343</xmax>
			<ymax>127</ymax>
		</bndbox>
	</object>
	<object>
		<name>bottle</name>
		<pose>Unspecified</pose>
		<truncated>0</truncated>
		<difficult>0</difficult>
		<bndbox>
			<xmin>261</xmin>
			<ymin>72</ymin>
			<xmax>374</xmax>
			<ymax>394</ymax>
		</bndbox>
	</object>
</annotation>
