<annotation>
	<folder>images</folder>
	<filename>img_23.jpg</filename>
	<path>/Users/namnueng/Desktop/ShoestringHackathon2020/Cap/images/img_23.jpg</path>
	<source>
		<database>Unknown</database>
	</source>
	<size>
		<width>640</width>
		<height>480</height>
		<depth>3</depth>
	</size>
	<segmented>0</segmented>
	<object>
		<name>cap</name>
		<pose>Unspecified</pose>
		<truncated>0</truncated>
		<difficult>0</difficult>
		<bndbox>
			<xmin>349</xmin>
			<ymin>260</ymin>
			<xmax>377</xmax>
			<ymax>297</ymax>
		</bndbox>
	</object>
	<object>
		<name>bottle</name>
		<pose>Unspecified</pose>
		<truncated>0</truncated>
		<difficult>0</difficult>
		<bndbox>
			<xmin>145</xmin>
			<ymin>238</ymin>
			<xmax>386</xmax>
			<ymax>341</ymax>
		</bndbox>
	</object>
</annotation>
