<annotation>
	<folder>images</folder>
	<filename>img_25.jpg</filename>
	<path>/Users/namnueng/Desktop/ShoestringHackathon2020/Cap/images/img_25.jpg</path>
	<source>
		<database>Unknown</database>
	</source>
	<size>
		<width>640</width>
		<height>480</height>
		<depth>3</depth>
	</size>
	<segmented>0</segmented>
	<object>
		<name>cap</name>
		<pose>Unspecified</pose>
		<truncated>0</truncated>
		<difficult>0</difficult>
		<bndbox>
			<xmin>252</xmin>
			<ymin>111</ymin>
			<xmax>297</xmax>
			<ymax>149</ymax>
		</bndbox>
	</object>
	<object>
		<name>bottle</name>
		<pose>Unspecified</pose>
		<truncated>0</truncated>
		<difficult>0</difficult>
		<bndbox>
			<xmin>230</xmin>
			<ymin>104</ymin>
			<xmax>324</xmax>
			<ymax>342</ymax>
		</bndbox>
	</object>
</annotation>
