<annotation>
	<folder>images</folder>
	<filename>img_12.jpg</filename>
	<path>/Users/namnueng/Desktop/ShoestringHackathon2020/Cap/images/img_12.jpg</path>
	<source>
		<database>Unknown</database>
	</source>
	<size>
		<width>640</width>
		<height>480</height>
		<depth>3</depth>
	</size>
	<segmented>0</segmented>
	<object>
		<name>cap</name>
		<pose>Unspecified</pose>
		<truncated>0</truncated>
		<difficult>0</difficult>
		<bndbox>
			<xmin>160</xmin>
			<ymin>244</ymin>
			<xmax>187</xmax>
			<ymax>282</ymax>
		</bndbox>
	</object>
	<object>
		<name>bottle</name>
		<pose>Unspecified</pose>
		<truncated>0</truncated>
		<difficult>0</difficult>
		<bndbox>
			<xmin>142</xmin>
			<ymin>216</ymin>
			<xmax>378</xmax>
			<ymax>317</ymax>
		</bndbox>
	</object>
</annotation>
