<annotation>
	<folder>images</folder>
	<filename>img_40.jpg</filename>
	<path>/Users/namnueng/Desktop/ShoestringHackathon2020/Cap/images/img_40.jpg</path>
	<source>
		<database>Unknown</database>
	</source>
	<size>
		<width>640</width>
		<height>480</height>
		<depth>3</depth>
	</size>
	<segmented>0</segmented>
	<object>
		<name>cap</name>
		<pose>Unspecified</pose>
		<truncated>0</truncated>
		<difficult>0</difficult>
		<bndbox>
			<xmin>268</xmin>
			<ymin>96</ymin>
			<xmax>308</xmax>
			<ymax>131</ymax>
		</bndbox>
	</object>
	<object>
		<name>bottle</name>
		<pose>Unspecified</pose>
		<truncated>0</truncated>
		<difficult>0</difficult>
		<bndbox>
			<xmin>242</xmin>
			<ymin>83</ymin>
			<xmax>335</xmax>
			<ymax>314</ymax>
		</bndbox>
	</object>
</annotation>
