<annotation>
	<folder>images</folder>
	<filename>img_615.jpg</filename>
	<path>/Users/apple/Desktop/ShoestringHackathon2020/TrainingData/train/images/img_615.jpg</path>
	<source>
		<database>Unknown</database>
	</source>
	<size>
		<width>640</width>
		<height>480</height>
		<depth>3</depth>
	</size>
	<segmented>0</segmented>
	<object>
		<name>bottle</name>
		<pose>Unspecified</pose>
		<truncated>0</truncated>
		<difficult>0</difficult>
		<bndbox>
			<xmin>231</xmin>
			<ymin>72</ymin>
			<xmax>359</xmax>
			<ymax>400</ymax>
		</bndbox>
	</object>
</annotation>
